<?xml version='1.0' encoding='UTF-8'?>
<system creation-date="2020-11-09 11:39:49.373000" desc="" enable="False" id="84C8A37B-1539-4A91-8DE1-A01EA5F9A7BD" last-modified-date="" name="Brazo_Izquierdo"><applications><application name="RobotWare" version="6.11.2019"><settings><system-xml path="C:\Users\USER\Desktop\Proyecto_Robotica\Robot_Studio2\Virtual Controllers\Brazo_Izquierdo\system.xml" /><key-id path="C:\Users\USER\Desktop\Proyecto_Robotica\Robot_Studio2\Virtual Controllers\Brazo_Izquierdo\INTERNAL\key.id" /><setting-file path="C:\Users\USER\Desktop\Proyecto_Robotica\Robot_Studio2\Virtual Controllers\Brazo_Izquierdo\INTERNAL\controller.rsf" /></settings></application></applications></system>