<?xml version='1.0' encoding='UTF-8'?>
<system creation-date="2020-11-20 13:45:46.064000" desc="" enable="False" id="3E28D654-8836-47FB-815E-8B726D5C1D87" last-modified-date="" name="Brazo_Derecho"><applications><application name="RobotWare" version="6.11.2019"><settings><system-xml path="C:\Users\luisg\Desktop\Proyecto de Robotica\Virtual Controllers\Brazo_Derecho\system.xml" /><key-id path="C:\Users\luisg\Desktop\Proyecto de Robotica\Virtual Controllers\Brazo_Derecho\INTERNAL\key.id" /><setting-file path="C:\Users\luisg\Desktop\Proyecto de Robotica\Virtual Controllers\Brazo_Derecho\INTERNAL\controller.rsf" /></settings></application></applications></system>