<?xml version='1.0' encoding='UTF-8'?>
<system creation-date="2020-11-09 11:26:54.885000" desc="" enable="False" id="F8A664C6-569B-4ED0-98FF-A81E070CA9B3" last-modified-date="" name="Brazo_Derecho"><applications><application name="RobotWare" version="6.11.2019"><settings><system-xml path="C:\Users\USER\Desktop\Proyecto_Robotica\Robot_Studio2\Virtual Controllers\Brazo_Derecho\system.xml" /><key-id path="C:\Users\USER\Desktop\Proyecto_Robotica\Robot_Studio2\Virtual Controllers\Brazo_Derecho\INTERNAL\key.id" /><setting-file path="C:\Users\USER\Desktop\Proyecto_Robotica\Robot_Studio2\Virtual Controllers\Brazo_Derecho\INTERNAL\controller.rsf" /></settings></application></applications></system>