<?xml version="1.0" encoding="utf-8"?>
<SystemProperties>
  <SystemName>Brazo_Derecho</SystemName>
  <SerialNo>VIRTUAL_USE</SerialNo>
  <UsedMedia>
    <Media path="C:\Users\USER\AppData\Local\ABB\RobotWare\RobotWare_6.11.2019" name="RobotWare" version="6.11.2019">
    </Media>
  </UsedMedia>
  <ControlModule>
    <Option descr="English">
    </Option>
    <Option descr="613-1 Collision Detection">
    </Option>
    <Option descr="709-1 DeviceNet Master/Slave">
    </Option>
    <Option descr="841-1 EtherNet/IP Scanner/Adapter">
    </Option>
    <Option descr="623-1 Multitasking">
    </Option>
    <Option descr="616-1 PC Interface">
    </Option>
    <Option descr="608-1 World Zones">
    </Option>
    <Option descr="RobotWare Base">
    </Option>
  </ControlModule>
  <DriveModule>
    <Name>Robot1</Name>
    <Option descr="Axis Calibration">
    </Option>
    <Option descr="Drive System IRB 120/140/260/360/910SC/1200/1400/1520/1600/1660ID">
    </Option>
    <Option descr="ADU-790A in position X3">
    </Option>
    <Option descr="ADU-790A in position Y3">
    </Option>
    <Option descr="ADU-790A in position Z3">
    </Option>
    <Option descr="IRB 120-3/0.6">
    </Option>
  </DriveModule>
</SystemProperties>