<?xml version = "1.0" encoding="utf-8" ?>
<elogtext_registry xmlns="urn:abb-robotics-registry-elog-text">
<entry domain_no="1" min="2" max="130" prepath="C:/Users/USER/AppData/Local/ABB/RobotWare/RobotWare_6.11.2019/language/install/../" postpath="/controller/elog/opr_elogtext_1.xml"/>
<entry domain_no="1" min="131" max="297" prepath="C:/Users/USER/AppData/Local/ABB/RobotWare/RobotWare_6.11.2019/language/install/../" postpath="/controller/elog/opr_elogtext_2.xml"/>
<entry domain_no="1" min="298" max="2700" prepath="C:/Users/USER/AppData/Local/ABB/RobotWare/RobotWare_6.11.2019/language/install/../" postpath="/controller/elog/opr_elogtext_3.xml"/>
<entry domain_no="2" min="10" max="162" prepath="C:/Users/USER/AppData/Local/ABB/RobotWare/RobotWare_6.11.2019/language/install/../" postpath="/controller/elog/sys_elogtext_1.xml"/>
<entry domain_no="2" min="164" max="395" prepath="C:/Users/USER/AppData/Local/ABB/RobotWare/RobotWare_6.11.2019/language/install/../" postpath="/controller/elog/sys_elogtext_2.xml"/>
<entry domain_no="2" min="396" max="527" prepath="C:/Users/USER/AppData/Local/ABB/RobotWare/RobotWare_6.11.2019/language/install/../" postpath="/controller/elog/sys_elogtext_3.xml"/>
<entry domain_no="2" min="528" max="669" prepath="C:/Users/USER/AppData/Local/ABB/RobotWare/RobotWare_6.11.2019/language/install/../" postpath="/controller/elog/sys_elogtext_4.xml"/>
<entry domain_no="3" min="1810" max="4262" prepath="C:/Users/USER/AppData/Local/ABB/RobotWare/RobotWare_6.11.2019/language/install/../" postpath="/controller/elog/hw_elogtext_1.xml"/>
<entry domain_no="3" min="4263" max="7103" prepath="C:/Users/USER/AppData/Local/ABB/RobotWare/RobotWare_6.11.2019/language/install/../" postpath="/controller/elog/hw_elogtext_2.xml"/>
<entry domain_no="3" min="7104" max="7260" prepath="C:/Users/USER/AppData/Local/ABB/RobotWare/RobotWare_6.11.2019/language/install/../" postpath="/controller/elog/hw_elogtext_3.xml"/>
<entry domain_no="3" min="7261" max="9419" prepath="C:/Users/USER/AppData/Local/ABB/RobotWare/RobotWare_6.11.2019/language/install/../" postpath="/controller/elog/hw_elogtext_4.xml"/>
<entry domain_no="3" min="9420" max="9531" prepath="C:/Users/USER/AppData/Local/ABB/RobotWare/RobotWare_6.11.2019/language/install/../" postpath="/controller/elog/hw_elogtext_5.xml"/>
<entry domain_no="4" min="1" max="95" prepath="C:/Users/USER/AppData/Local/ABB/RobotWare/RobotWare_6.11.2019/language/install/../" postpath="/controller/elog/arl_elogtext_1.xml"/>
<entry domain_no="4" min="96" max="221" prepath="C:/Users/USER/AppData/Local/ABB/RobotWare/RobotWare_6.11.2019/language/install/../" postpath="/controller/elog/arl_elogtext_2.xml"/>
<entry domain_no="4" min="222" max="530" prepath="C:/Users/USER/AppData/Local/ABB/RobotWare/RobotWare_6.11.2019/language/install/../" postpath="/controller/elog/arl_elogtext_3.xml"/>
<entry domain_no="4" min="531" max="646" prepath="C:/Users/USER/AppData/Local/ABB/RobotWare/RobotWare_6.11.2019/language/install/../" postpath="/controller/elog/arl_elogtext_4.xml"/>
<entry domain_no="4" min="647" max="767" prepath="C:/Users/USER/AppData/Local/ABB/RobotWare/RobotWare_6.11.2019/language/install/../" postpath="/controller/elog/arl_elogtext_5.xml"/>
<entry domain_no="4" min="768" max="1407" prepath="C:/Users/USER/AppData/Local/ABB/RobotWare/RobotWare_6.11.2019/language/install/../" postpath="/controller/elog/arl_elogtext_6.xml"/>
<entry domain_no="4" min="1408" max="1505" prepath="C:/Users/USER/AppData/Local/ABB/RobotWare/RobotWare_6.11.2019/language/install/../" postpath="/controller/elog/arl_elogtext_7.xml"/>
<entry domain_no="4" min="1506" max="1596" prepath="C:/Users/USER/AppData/Local/ABB/RobotWare/RobotWare_6.11.2019/language/install/../" postpath="/controller/elog/arl_elogtext_8.xml"/>
<entry domain_no="4" min="1597" max="1699" prepath="C:/Users/USER/AppData/Local/ABB/RobotWare/RobotWare_6.11.2019/language/install/../" postpath="/controller/elog/arl_elogtext_9.xml"/>
<entry domain_no="4" min="1700" max="1797" prepath="C:/Users/USER/AppData/Local/ABB/RobotWare/RobotWare_6.11.2019/language/install/../" postpath="/controller/elog/arl_elogtext_10.xml"/>
<entry domain_no="4" min="1798" max="1914" prepath="C:/Users/USER/AppData/Local/ABB/RobotWare/RobotWare_6.11.2019/language/install/../" postpath="/controller/elog/arl_elogtext_11.xml"/>
<entry domain_no="5" min="21" max="215" prepath="C:/Users/USER/AppData/Local/ABB/RobotWare/RobotWare_6.11.2019/language/install/../" postpath="/controller/elog/moc_elogtext_1.xml"/>
<entry domain_no="5" min="218" max="321" prepath="C:/Users/USER/AppData/Local/ABB/RobotWare/RobotWare_6.11.2019/language/install/../" postpath="/controller/elog/moc_elogtext_2.xml"/>
<entry domain_no="5" min="322" max="418" prepath="C:/Users/USER/AppData/Local/ABB/RobotWare/RobotWare_6.11.2019/language/install/../" postpath="/controller/elog/moc_elogtext_3.xml"/>
<entry domain_no="5" min="419" max="508" prepath="C:/Users/USER/AppData/Local/ABB/RobotWare/RobotWare_6.11.2019/language/install/../" postpath="/controller/elog/moc_elogtext_4.xml"/>
<entry domain_no="7" min="1001" max="1289" prepath="C:/Users/USER/AppData/Local/ABB/RobotWare/RobotWare_6.11.2019/language/install/../" postpath="/controller/elog/io_elogtext_1.xml"/>
<entry domain_no="7" min="1290" max="1401" prepath="C:/Users/USER/AppData/Local/ABB/RobotWare/RobotWare_6.11.2019/language/install/../" postpath="/controller/elog/io_elogtext_2.xml"/>
<entry domain_no="7" min="1402" max="1526" prepath="C:/Users/USER/AppData/Local/ABB/RobotWare/RobotWare_6.11.2019/language/install/../" postpath="/controller/elog/io_elogtext_3.xml"/>
<entry domain_no="7" min="1527" max="1603" prepath="C:/Users/USER/AppData/Local/ABB/RobotWare/RobotWare_6.11.2019/language/install/../" postpath="/controller/elog/io_elogtext_4.xml"/>
<entry domain_no="8" min="1" max="3" prepath="C:/Users/USER/AppData/Local/ABB/RobotWare/RobotWare_6.11.2019/language/install/../" postpath="/controller/elog/usr_elogtext_1.xml"/>
<entry domain_no="9" min="200" max="450" prepath="C:/Users/USER/AppData/Local/ABB/RobotWare/RobotWare_6.11.2019/language/install/../" postpath="/controller/elog/safety_elogtext_1.xml"/>
<entry domain_no="9" min="451" max="537" prepath="C:/Users/USER/AppData/Local/ABB/RobotWare/RobotWare_6.11.2019/language/install/../" postpath="/controller/elog/safety_elogtext_2.xml"/>
<entry domain_no="9" min="538" max="685" prepath="C:/Users/USER/AppData/Local/ABB/RobotWare/RobotWare_6.11.2019/language/install/../" postpath="/controller/elog/safety_elogtext_3.xml"/>
<entry domain_no="9" min="686" max="890" prepath="C:/Users/USER/AppData/Local/ABB/RobotWare/RobotWare_6.11.2019/language/install/../" postpath="/controller/elog/safety_elogtext_4.xml"/>
<entry domain_no="10" min="0" max="0" prepath="C:/Users/USER/AppData/Local/ABB/RobotWare/RobotWare_6.11.2019/language/install/../" postpath="/controller/elog/int_elogtext_1.xml"/>
<entry domain_no="11" min="4800" max="4814" prepath="C:/Users/USER/AppData/Local/ABB/RobotWare/RobotWare_6.11.2019/language/install/../" postpath="/controller/elog/miscproc_elogtext_1.xml"/>
<entry domain_no="12" min="1" max="21" prepath="C:/Users/USER/AppData/Local/ABB/RobotWare/RobotWare_6.11.2019/language/install/../" postpath="/controller/elog/cfg_elogtext_1.xml"/>
<entry domain_no="15" min="330" max="330" prepath="C:/Users/USER/AppData/Local/ABB/RobotWare/RobotWare_6.11.2019/language/install/../" postpath="/controller/elog/rapid_elogtext_1.xml"/>
<titles prepath="C:/Users/USER/AppData/Local/ABB/RobotWare/RobotWare_6.11.2019/language/install/../" postpath="/controller/elog/domain_elogtitles.xml"/>
<domains prepath="C:/Users/USER/AppData/Local/ABB/RobotWare/RobotWare_6.11.2019/language/install/../" postpath="/controller/elog/elog_domains.xml"/>
<domains prepath="C:/Users/USER/AppData/Local/ABB/RobotWare/RobotWare_6.11.2019/options/rse/language/" postpath="/rse_elogdomain.xml"/>
<entry domain_no="17" min="1" max="999" prepath="C:/Users/USER/AppData/Local/ABB/RobotWare/RobotWare_6.11.2019/options/rse/language/" postpath="/rse_elogtext.xml"/>
<titles prepath="C:/Users/USER/AppData/Local/ABB/RobotWare/RobotWare_6.11.2019/options/rse/language/" postpath="/rse_elogtitles.xml"/>
</elogtext_registry>