<?xml version='1.0' encoding='UTF-8'?>
<system creation-date="2020-11-20 13:45:47.192000" desc="" enable="False" id="FFFCB2FB-66F9-4049-BA30-430A985B1927" last-modified-date="" name="Brazo_Izquierdo"><applications><application name="RobotWare" version="6.11.2019"><settings><system-xml path="C:\Users\luisg\Desktop\Proyecto de Robotica\Virtual Controllers\Brazo_Izquierdo\system.xml" /><key-id path="C:\Users\luisg\Desktop\Proyecto de Robotica\Virtual Controllers\Brazo_Izquierdo\INTERNAL\key.id" /><setting-file path="C:\Users\luisg\Desktop\Proyecto de Robotica\Virtual Controllers\Brazo_Izquierdo\INTERNAL\controller.rsf" /></settings></application></applications></system>